Jurisdiction	Bill Number	Bill Title	Bill Status	Bill Summary	Category
Alabama	H 516	Consumer Protection	Failed - Adjourned	Relates to consumer protection, use of a computer to interact with a consumer when consumer believes the interaction is with a human is an unlawful trade practice.	Notification; Private Sector Use; Criminal Use
Alaska	S 2	Deepfake Disclosure	Pending - Carryover	Relates to the disclosure of election related deepfakes; relates to use of AI by state agencies; relates to the transfer of data about individuals between state agencies.	Elections; Government Use; Notification; Impact Assessment; Criminal Use
Alaska	S 33	Synthetic Media Liability	Pending - Carryover	Relates to defamation claims based on the use of synthetic media; relates to the use of synthetic media in electioneering communications.	Elections; Criminal Use; Notification
Alaska	S 64	Elections	Pending - Carryover	Relates to elections; voters; voting; voter preregistration for minors at least 16 years of age; voter registration; the Alaska Public Offices Commission; synthetic media in electioneering communications; campaign signs; public official financial disclosures; and the crime of unlawful interference with voting in the first degree. Provides for an effective date.	Elections; Notification; Criminal Use
Arizona	H 2678	Indistinguishable and Visual Depiction and Definition	Enacted	Relates to the sexual exploitation of children; provides that a dangerous crime against children shall include a visual depiction that is indistinguishable from an actual minor that is under the specified age; provides that a visual depiction includes each visual image that is contained in, among other things, a photograph or data, regardless of whether the image is created or modified by software, AI or other digital editing tools, and that is capable of conversion into a visual image.	Child Pornography; Criminal Use
Arizona	H 2712	Indistinguishable and Visual Depiction	Failed - Adjourned	Relates to indistinguishable; relates to visual depiction; relates to minor; relates to definition.	Child Pornography; Criminal Use
Arkansas	H 1041	Deceptive and Fraudulent Deepfakes in Elections	Failed	Prohibits deceptive and fraudulent deepfakes in election communications; provides for a cause of action and civil penalties for the use of deceptive and fraudulent deepfakes and for other purposes; provides that a person may, within 90 days of an election in which a candidate for an elected office will appear on the ballot, distribute synthetic media that the person knows or should know is a deceptive and fraudulent deepfake of a candidate or party on the state or local ballot if the synthetic media.	Elections; Notification; Criminal Use
Arkansas	H 1071	Frank Broyles Publicity Rights Protection Act	Enacted	Provides protections for an individual whose photograph, voice or likeness is reproduced through means of AI and used commercially; provides that it is not a violation of the Frank Broyles Publicity Rights Protection Act of 2016 if the name, voice, signature, photograph or likeness of an individual is used by a service provider of a system or network if the service provider does not have actual knowledge that a photograph, voice or likeness on the system or network is in violation.	Effect on Labor/Employment; Criminal Use; Private Sector Use
Arkansas	H 1141	Criminal Offenses	Failed	Creates criminal offenses related to deceptive and injurious media in the course of election campaigns; provides that it shall be unlawful for a person to purposely injure a candidate for office in the state by creating or causing to be created a deepfake and publishing, distributing, or causing to be published or distributed the deepfake a specified number of days before the date of the general election and on the date of the general election with the knowledge that the communication was a deep fake.	Elections; Criminal Use
Arkansas	H 1518	Offense of Creating Distributing Possessing or Viewing	Failed - Adjourned	Creates the offense of creating, distributing, possessing, or viewing AI-generated matter depicting sexually explicit conduct involving a child.	Child Pornography; Criminal Use
Arkansas	H 1823	Disrupt Explicit Forged Images and Nonconsensual Edits	Failed	Establishes the Disrupt Explicit Forged Images and Nonconsensual Edits Act of 2025; clarifies the rights for an individual affected by nonconsensual activities involving intimate digital forgeries	Criminal Use; Private Right of Action; Child Pornography
Arkansas	H 1877	Criminal Offenses	Enacted	Concerns criminal offenses related to possession of sexually explicit material that depicts a child; includes a computer-generated image that is indistinguishable from the image of a child.	Child Pornography; Criminal Use
Arkansas	S 612	Private Right of Action Against a Social Media Platform	Enacted	Creates a private right of action for the use of a design, algorithm, or feature by a social media platform that causes harm; imposes a civil penalty on a platform that knowingly and willfully contributes to the suicide or attempted suicide of a minor; provides that a platform is liable for an award of litigation costs, attorneys fees, and damages in an action brought by a parent or guardian whose child or legal dependent commits suicide or attempts suicide following exposure to certain online content.	Private Sector Use; Private Right of Action
California	A 102	Budget Act of 2025	Enacted	Provides that the Budget Act of 2025 would make appropriations for the support of state government for the specified fiscal year. Amends the Budget Act of 2025 by amending, adding, and repealing items of appropriation and making other changes. Provides for the support of, among other things, the Legislative Analyst's Office, the State Court Facilities Construction Fund, the Judicial Branch, local assistance, and the Governor's Office of Business and Economic Development.	Government Use; Appropriations
California	A 410	Bots: Disclosure	Pending	Requires a person who uses a bot to autonomously communicate with another to ensure that the bot discloses to any person with whom the bot communicates when the bot first communicates with the person that the bot is a bot and not a human being. Authorizes the attorney general, a district attorney, county counsel, city attorney, or city prosecutor to bring a civil action to punish noncompliance.	Private Sector Use; Notification; Criminal Use
California	S 11	Artificial Intelligence Technology	Pending	Provides that existing law creates a civil cause of action against any person who knowingly uses the name, voice, signature, photograph, or likeness of another person, without their consent, for specified purposes. Clarifies that, for purposes of this cause of action, a digital replication of a voice or likeness that a reasonable person would believe to be a genuine voice or likeness is deemed to be the voice or likeness of the person depicted.	Judicial Use
California	S 69	Artificial Intelligence Program: Attorney General	Pending	Requires the attorney general to establish and maintain a specified program to build internal expertise in AI, including its applications, risks, regulatory implications, and civil rights impacts. Requires, on or before the specified date, and annually thereafter, the attorney general to submit a public report to the Legislature describing the program, key developments in AI law and policy, and recommendations for additional State oversight or safeguards.	Judicial Use
California	S 253	State Bar of California	Pending	Provides that existing law requires certain revenue received from certain noninsurance and insurance affinity programs offered to licensees of the State Bar to go to the California Lawyers Association or an affiliated 501(c)(3) organization to support diversity, equity and inclusion. The bill would require the Committee of Bar Examiners to give notice if certain changes are made to the bar examination, including changing the functionality of testing software or materials, or if AI is used in creating questions for or grading the bar examination.	Education Use; Judicial Use
California	S 295	California Preventing Algorithmic Collusion Act of 2025	Pending	Enacts the California Preventing Algorithmic Collusion Act of 2025 to require a person, upon request of the attorney general, to provide to the attorney general information related to pricing algorithms. Requires specified officers to certify the accuracy of the report, subject to civil penalties. Prohibits a person from using or distributing any pricing algorithm that uses, incorporates, or was trained with, competitor data.	Private Sector Use
California	S 384	Preventing Algorithmic Price Fixing Act: Prohibition	Pending	Provides for the Preventing Algorithmic Price Fixing Act, which would, in addition to any other law, prohibit a seller from using a price fixing algorithm to set either a price or supply level of a good or service or a rent or occupancy level of rental property. Authorizes the attorney general or a city attorney or county counsel to file a civil action for violations of these provisions, including for a civil penalty of up to a specified amount per violation.	Private Sector Use; Housing
California	S 420	Automated Decision Systems	Pending	Relates to the State AI Transparency Act and providers of generative AI systems. Relates to regulating developers or deployers of a high-risk automated decision system. Requires a developer or a deployer to perform an impact assessment on the high-risk automated decision system before making it publicly available or deploying it. Authorizes the attorney general or the Civil Rights Department to bring a specified civil action to enforce compliance.	Private Sector Use; Impact Assessment; Government Use
California	S 524	Law Enforcement Agencies: Artificial Intelligence	Pending	Requires each law enforcement agency to maintain a policy to require an official report prepared by a law enforcement officer or any member of a law enforcement agency to include specified information on each page, including a disclosure statement, if the report was generated in a draft, interim, or final form using AI either fully or partially.	Government Use
California	S 813	Multistakeholder Regulatory Organizations	Pending	Provides that existing law requires the Department of Technology to conduct a comprehensive inventory of all high-risk automated decision systems that have been proposed for use, development, or procurement by, or are being used, developed, or procured by, a state agency. Establishes a process by which the attorney general designates a private entity as a multistakeholder regulatory organization. Requires an MRO to perform responsibilities related to certifying the safety of AI models.	Government Use; Criminal Use
Colorado	H 1264	Prohibits Intimate Personal Data Automated Analysis	Failed - Adjourned	Concerns limiting the use of automated analysis of intimate personal data to make inferences that impact a person's financial position.	Private Sector Use; Responsible Use; Criminal Use
Colorado	S 240	Electronic Discovery in Criminal Cases Task Force	Enacted	Relates to the creation of the Electronic Discovery in Criminal Cases Task Force; provides that the task force consists of a specified number of task force members; provides that the purpose of the task force is to study the costs and management of electronic discovery in criminal cases.	Judicial Use; Studies
Colorado	S 288	Intimate Digital Depictions Criminal Civil Actions	Enacted	Concerns preventing certain disclosures of intimate depictions; creates a cause of action for nonconsensual disclosure of an intimate digital depiction and adding and amending related provisions in criminal law.	Notification; Private Right of Action; Child Pornography; Criminal Use
Connecticut	H 5045	Unlawful Dissemination of Intimate Images	Failed	Relates to the unlawful dissemination of intimate images that are digitally altered or created through the use of AI; criminalizes the nonconsensual creation and dissemination of deep fake pornography.	Criminal Use
Connecticut	H 5598	Creation and Dissemination of Artificial Intelligence	Failed	Establishes a crime prohibiting the creation and dissemination of AI generated pornographic images of a person without such person’s consent.	Criminal Use
Connecticut	H 6846	Artificial Intelligence Deceptive Synthetic Media	Failed - Adjourned	Concerns AI, deceptive synthetic media and elections; prohibits distribution of certain deceptive synthetic media within the ninety-day period preceding an election or primary.	Elections; Criminal Use; Notification
Connecticut	S 348	Unlawful Dissemination of Intimate Images	Failed	Concerns unlawful dissemination of intimate images that are digitally altered or created through the use of AI; criminalizes unauthorized dissemination of intimate images that are digitally altered or created through the use of AI.	Criminal Use
Connecticut	S 1143	Creation and Dissemination of Intimate Images	Failed	Prohibits the creation and dissemination of intimate images generated using AI and without consent; prohibits the production and distribution of deepfake intimate images that are generated without the consent of the individual depicted, establish criminal penalties for violations of such prohibition and make civil remedies available for victims.	Criminal Use
Connecticut	S 1440	Unauthorized Dissemination of Intimate Images	Failed - Adjourned	Concerns unauthorized dissemination of intimate images that are digitally altered or created through the use of AI; criminalizes unauthorized dissemination of intimate images that are digitally altered or created through the use of AI.	Criminal Use
Florida	S 562	Use of AI To Detect Firearms	Failed	Prohibits the use of AI to detect firearms in public areas; provides criminal penalties.	Private Sector Use; Criminal Use
Florida	S 1180	Sexual Images	Failed	Prohibits lewd imagery or depictions involving a child; prohibits the creation of such depictions; provides criminal penalties; prohibits the generation of nude photos involving identifiable persons; authorizes civil actions for violations of such prohibition.	Private Sector Use; Child Pornography
Florida	S 1740	Insurance	Failed	Specifies that hurricane mitigation grants funded through the My Safe State Home Program may be awarded only under certain circumstances; revises the surplus required for certain insurers applying for their original certificates of authority and to maintain their certificates of authority, respectively; specifies prohibitions for persons who were officers or directors of an insolvent insurer, attorneys in fact of a reciprocal insurer.	Private Sector Use
Florida	S 7026	Information Technology	Failed	Creates the Agency for State Systems and Enterprise Technology; requires that the Division of Elections comprehensive risk assessment comply with the risk assessment methodology developed by asset; requires agencies and the judicial branch to include a cumulative inventory and a certain status report of specified projects with their legislative budget requests; revises the powers, duties, and functions of the Department of Management Services, through the State Digital Service.	Government Use
Georgia	H 147	Technology Authority	Pending - Carryover	Provides for an annual inventory of AI usage by state agencies; Provides for an annual inventory of AI usage by state agencies; provides for annual reports of such; provides for the authority to develop and establish certain policies; designates the attorney general as an applicable elected representative who may approve the issuance of certain private activity bonds to finance or refinance state charter school facilities; provides for the establishment of procedures for public notices and hearings relative to the issuance of such bonds.	Government Use; Notification; Impact Assessment
Georgia	H 171	Ensuring Accountability for Illegal AI Activities Act	Pending - Carryover	Relates to general provisions relative to obscenity and related offenses, so as to prohibit distribution of computer-generated obscene material depicting a child; provides for a standard for obscenity; provides for a penalty and probation; relates to procedure for sentencing and imposition of punishment, so as to provide for sentencing of defendants who utilize AI in the commission of certain offenses; provides for notice and enhanced sentencing.	Criminal Use; Private Sector Use; Child Pornography
Georgia	H 566	NO FAKES Act	Pending - Carryover	Relating to selling and other trade practices, so as to enact the NO FAKES Act of 2025; protects intellectual property rights in the voice and visual likeness of individuals; provides for the characteristics of a right to use the voice or visual likeness in a digital replica; provides for licensing and transferability of a right; requires the secretary of state to maintain a directory of certain post-mortem digital replication rights and a directory of designated agents.	Criminal Use; Private Sector Use
Georgia	H 679	End Rental Price Fixing Act	Pending - Carryover	Relates to illegal and void contracts generally, so as to prohibit certain agreements involving rental price-fixing as unenforceable contracts in general restraint of trade with respect to residential rental properties; provides for a criminal penalty; provides for statutory construction; provides for a short title; provides for an effective date and applicability; provides for related matters; repeals conflicting laws.	Housing; Private Sector Use
Georgia	S 9	Election Interference	Pending - Carryover	Establishes the criminal offenses of fraudulent election interference and solicitation of such; provides for exceptions; provides for the Attorney General to have concurrent jurisdiction over such crimes; provides for punishment; provides for injunctive relief; provides for the State Election Board to publish results of investigations into such offenses; provides for certain disclaimers on campaign advertisements that use AI generated media; provide for the form of such disclaimers.	Criminal Use; Elections
Georgia	S 354	Torts	Pending - Carryover	Relates to torts, so as to provide for a cause of action for appropriating an individual’s indicia of identity; provides for a right to protection against the appropriation of an individual’s indicia of identity; provides for assignment or licensing of such right; provides for damages; provides for other remedies; provides for exceptions; provides for definitions; provides for statutory construction; provides for related matters; repeals conflicting laws.	Criminal Use; Private Sector Use
Hawaii	H 831	Rental Market Algorithmic Price Setting	Pending - Carryover	Prohibits the use of algorithmic price setting in the state's rental market; requires the Department of the Attorney General to develop and undertake a public education program regarding the prohibition.	Private Sector Use; Housing; Government Use
Hawaii	HCR 175	Rental Price Fixing	Failed - Adjourned	Urges the Attorney General to investigate the extent to which algorithmic price setting and price fixing practices are being used in the state's rental housing market.	Housing; Private Sector Use
Hawaii	HR 171	Rental Price Fixing	Failed - Adjourned	Urges the Attorney General to investigate the extent to which algorithmic price setting and price fixing practices are being used in the state's rental housing market.	Private Sector Use; Housing
Hawaii	S 59	Discriminatory Algorithmic Eligibility Determinations	Pending - Carryover	Prohibits users of algorithmic decision making from utilizing algorithmic eligibility determinations in a discriminatory manner; requires users of algorithmic decision making to send corresponding notices to individual's whose personal information is used; requires users of algorithmic decision making to submit annual reports to the Department of the Attorney General; provides means of civil enforcement.	Responsible Use; Private Sector Use; Notification; Housing; Effect on Labor/Employment
Hawaii	S 157	Rental Market Algorithmic Price Setting	Pending - Carryover	Prohibits the use of algorithmic price setting in the state's rental market; requires the Department of the Attorney General to develop and undertake a public education program regarding the prohibition; establishes fines and penalties.	Private Sector Use; Housing
Idaho	H 442	Campaign Finance	Failed - Adjourned	Amends, repeals, and adds to existing law to provide for campaign finance transparency.	Elections; Criminal Use
Illinois	H 3028	Computer-Generated Image or Video	Pending	Amends the Criminal Code of 2012 and the Removal of Private Compromising Images Act; defines image to include a computer-generated image or video, whether made, produced, or altered by electronic, mechanical, or other means.	
Illinois	H 3506	Large Developer	Pending	Changes references from developer to large developer; provides that a large developer that has one or more employees in the State shall not make, adopt, or enforce any rule, regulation, or policy preventing an employee from disclosing information to a government or law enforcement agency or any supervisor, principal officer, or board member related to an activity, policy, or practice of the large developer, where the employee has a good faith belief that the activity, policy.	Responsible Use; Private Sector Use; Cybersecurity; Notification; Audit; Criminal Use
Illinois	S 1554	Artificial Intelligence	Pending	Amends the Criminal Code of 2012; provides that certain forms of false impersonation may be accomplished by AI; defines AI.	Criminal Use
Illinois	S 2255	Surveillance Based Price and Wage Discrimination Act	Pending	Creates the Surveillance-Based Price and Wage Discrimination Act; provides that a person shall not use surveillance data as part of an automated decision system to inform the individualized price assessed to a consumer for goods or services; provides that a person shall not use surveillance data as part of an automated decision system to inform the individualized wage paid to an employee; sets forth exemptions to the provisions; provides that the attorney general shall enforce the act.	Private Sector Use; Effect on Labor/Employment; Responsible Use
Indiana	H 1050	Technical Corrections	Enacted	Addresses technical issues in the Indiana Code, including those related to spelling, tabulation, formatting, grammar, and cross-references; resolves technical conflicts from the 2024 legislative session; makes conforming amendments.	Studies; Judicial Use
Iowa	HSB 294	Artificial Intelligence	Pending - Carryover	Relates to AI; includes the use of AI to create materials related to elections and protections in interactions with AI systems and makes penalties applicable.	Elections; Criminal Use; Effect on Labor/Employment; Health Use; Government Use; Private Sector Use; Responsible Use; Oversight/Governance; Impact Assessment
Kansas	H 2183	Concerning Crimes Punishment and Criminal Procedure	Failed - Adjourned	Concerns crimes, punishment and criminal procedure; modifies elements in the crimes of sexual exploitation of a child, unlawful transmission of a visual depiction of a child and breach of privacy; prohibits certain acts related to visual depictions in which the person depicted is indistinguishable from a real child, morphed from a real child's image or generated without any actual child involvement; provides an exception for cable services in the crime of breach of privacy; prohibits dissemination.	Criminal Use; Child Pornography
Kansas	S 186	Sworn Testimony in Support of Probable Cause	Enacted	Concerns crimes, punishment and criminal procedure; modifies elements in the crimes of sexual exploitation of a child, unlawful transmission of a visual depiction of a child and breach of privacy; prohibits certain acts related to visual depictions in which the person depicted is indistinguishable from a real child, morphed from a real child's image or generated without any actual child involvement; provides an exception for cable services in the crime of breach of privacy.	Criminal Use; Child Pornography
Kentucky	H 22	Geoengineering	Failed - Adjourned	Makes findings and declarations regarding the dangers of atmospheric polluting activities and the commonwealth's authority to prohibit geoengineering; defines terms; makes criminal atmospheric pollution a Class D felony; requires that a person found guilty of criminal atmospheric pollution pay a civil penalty of not less than specified amount in addition to all other penalties authorized by law; provides that each day that a person engages in criminal atmospheric pollution constitutes a separate offense.	Criminal Use; Government Use; Private Sector Use
Kentucky	H 498	Use of AI by Courts	Failed - Adjourned	Requests that the Supreme Court establish a pilot project to permit participating courts to use AI for court transcription services; establishes guidelines.	Government Use; Judicial Use
Kentucky	H 672	Protection of Information	Failed - Adjourned	Defines terms relating to AI; requires the Commonwealth Office of Technology to establish and implement policy standards for the use of AI; creates the AI Governance Committee; relates to tasks the committee with the establishment of responsible, ethical, and transparent procedures for the allowable use, development, and approval of AI for any department, program, cabinet, agency and administrative body.	Private Sector Use; Responsible Use; Cybersecurity; Private Right of Action; Criminal Use; Impact Assessment; Audit
Kentucky	S 62	Geoengineering	Failed - Adjourned	Makes findings and declarations regarding the dangers of atmospheric polluting activities and the Commonwealth's authority to prohibit geoengineering; defines terms; makes criminal atmospheric pollution a Class D felony; requires that a person found guilty of criminal atmospheric pollution pay a civil penalty of not less than $500,000 in addition to all other penalties authorized by law; provides that each day that a person engages in criminal atmospheric pollution constitutes a separate offense.	Criminal Use; Government Use; Private Sector Use
Louisiana	H 1	Appropriations	Enacted	Makes annual appropriations for Fiscal Year 2025-2026 for the ordinary expenses of the executive branch of state government, pensions, public schools, public roads, public charities, and state institutions and providing with respect to the expenditure of said appropriations. Includes appropriations to the Lafourche Parish District Attorney's Office for a partnership with Nicholls State University to enhance investigative capabilities using AI.	Appropriations; Judicial Use
Louisiana	H 178	Civil and Procedure	Enacted	Prohibits an attorney from producing false evidence and including evidence that is artificially generated or altered by any means.	Judicial Use; Government Use
Louisiana	H 608	Environment	Failed	Creates the State Atmospheric Protection Act.	Criminal Use; Government Use; Private Sector Use
Louisiana	HR 272	Courts and Court Reporters	Adopted	Provides for a study of court reporter per-page transcription rates in state and a study of digital court reporting, including using AI, as an alternative to traditional reporting.	Judicial Use; Government Use
Maine	S 223	Processes and Fees in the Probate Court System	Pending - Carryover	Updates processes and fees in the probate court system.	Government Use; Judicial Use
Maine	H 1303a	Threatened Unauthorized Dissemination of Private Images	Enacted	Provides that a person is guilty of unauthorized dissemination of certain private images if the person, with the intent to harass, torment or threaten the depicted person or another person, intentionally or knowingly disseminates, displays or publishes an image of another person in a state of nudity or engaged in a sexual act or engaged in sexual contact or an image that has been created or modified so that it appears to show the depicted person in a state of nudity or engaged in a sexual act.	Criminal Use; Child Pornography
Maryland	H 5	Child Pornography	Failed - Adjourned	Concerns Criminal Law; relates to child pornography; relates to AI software.	Child Pornography; Criminal Use
Maryland	H 589	AI Civil and Criminal Liabilities	Failed - Adjourned	Establishes that a person who intentionally, knowingly, or negligently designs or creates AI software able to cause physical injury or death is strictly liable for damages and subject to a civil penalty if the software is used to cause personal injury or death; prohibits a person from intentionally, knowingly, or negligently designing or creating AI software able to cause injury or death.	Criminal Use
Maryland	H 782	Study on Detecting Deadly Weapons in Schools	Enacted	Requires the State Center for School Safety to study how best to detect deadly weapons in public middle and high schools and how best to rapidly report the detection of weapons to a law enforcement agency; requires the State Center for School Safety to request any available assessment of the technologies evaluated under this Act.	Studies; Education Use
Maryland	H 966	AI Evidence Clinic Pilot Program	Failed - Adjourned	Establishes an AI Evidence Clinic Pilot Program within the Administrative Office of the Courts to provide expertise in AI to the circuit courts and the District Court in the form of expert testimony on the authenticity of electronic evidence that a court determines may have been created or altered using AI; authorizes the Governor, for fiscal years 2027 and 2028, to include an appropriation of a specified amount in the annual budget bill.	Government Use; Judicial Use; Studies
Maryland	H 1089	Building Information Guardrails Data Act of 2025	Failed - Adjourned	Establishes the Privacy Protection and Enforcement Unit within the Division of Consumer Protection in the Office of the Attorney General; establishes a data broker registry; requires certain data brokers to register each year with the Comptroller; imposes a tax on the gross income of certain data brokers for taxable years beginning after a specified date; requires the revenue from the data broker tax be used by Maryland Public Television to provide digital literacy support to students.	Criminal Use; Private Sector Use; Responsible Use
Maryland	H 1384	Howard County Study on Detecting Deadly Weapons	Failed	Requires the Howard County Board of Education to study how best to detect deadly weapons in Howard County public middle and high schools and how best to rapidly report the detection of weapons to a law enforcement agency; requires, by a specified date, in a manner that does not jeopardize school safety, the Howard County Board of Education to report on the findings of its study to the State Superintendent of Schools and the Howard County Delegation to the General Assembly.	Education Use; Studies
Maryland	H 1407	Voice and Visual Likeness Digital Replication Rights	Failed - Adjourned	Establishes that each individual and a certain right holder have the right to authorize the use of the voice or visual likeness of the individual in a digital replica; provides that the right does not expire on the death of the individual and is transferable or licensable in a certain manner; provides that the right terminates after a certain period of time; requires an online service to designate an agent for certain purposes.	Criminal Use; Private Sector Use
Maryland	H 1425	AI and Deepfake Representations	Failed - Adjourned	Prohibits a person from utilizing certain personal identifying information or engaging in certain conduct in order to cause certain harm; prohibits a person from using certain AI or certain deepfake representations for certain purposes; provides that a person who is the victim of certain conduct may bring a civil action against a certain person.	Criminal Use; Notification; Private Sector Use
Maryland	S 361	Fraudulent Vote Influencing	Failed - Adjourned	Prohibits a person from using fraud; influences or attempts to influence a voter's voting decision; provides that fraud; includes the use of synthetic media.	Elections; Criminal Use
Maryland	S 655	AI Evidence Clinic Pilot Program	Vetoed	Establishes an AI Evidence Clinic Pilot Program within the Administrative Office of the Courts; requires the Administrative Office of the Courts to develop a grant application for the Program and award grants to eligible institutions of higher education; authorizes the Governor to include in the annual budget bill an appropriation to the Program and establishing a certain limitation on the expenditure of appropriated funds.	Judicial Use; Studies; Government Use
Maryland	S 904	Building Information Guardrails Data Act of 2025	Failed - Adjourned	Establishes the Privacy Protection and Enforcement Unit within the Division of Consumer Protection in the Office of the Attorney General; establishes a data broker registry; requires certain data brokers to register each year with the Comptroller; imposes a tax on the gross income of certain data brokers for taxable years beginning after a specified date.	Oversight/Governance; Private Sector Use
Maryland	S 905	AI and Deepfake Representations	Failed - Adjourned	Prohibits a person from utilizing certain personal identifying information or engaging in certain conduct in order to cause certain harm; prohibits a person from using certain AI or certain deepfake representations for certain purposes; provides that a person who is the victim of certain conduct may bring a civil action against a certain person.	Private Right of Action; Private Sector Use; Criminal Use
Maryland	S 1025	Digital Replication Rights	Failed - Adjourned	Establishes that each individual and a certain right holder have the right to authorize the use of the voice or visual likeness of the individual in a digital replica; provides that the right does not expire on the death of the individual and is transferable or licensable in a certain manner; provides that the right terminates after a certain period of time; requires an online service to designate an agent for certain purposes.	Criminal Use; Private Sector Use
Massachusetts	H 76	Materially Deceptive Election Related Communications	Pending	Relates to materially deceptive election-related communications.	Elections; Criminal Use
Massachusetts	H 846	Synthetic Media in Political Advertising	Pending	Relates to disclosure requirements for synthetic media in political advertising.	Elections; Criminal Use
Massachusetts	H 1931	Protections Against Child Exploitation	Pending	Enhances protections against child exploitation and misuse of emerging technologies.	Child Pornography; Criminal Use
Massachusetts	S 44	Election Communications	Pending	Relates to deceptive and fraudulent deepfakes in election communications.	Elections; Criminal Use
Massachusetts	S 243	Simulates Human Conversation or Chatter	Pending	Provides that simulates human conversation or chatter through text or voice interactions.	Criminal Use; Notification; Private Sector Use
Massachusetts	S 264	AI Chatbots	Pending	Protects consumers interacting with AI chatbots.	Private Sector Use; Criminal Use; Notification
Michigan	H 4667	Artificial Intelligence	Pending	Prohibits use of AI to commit certain crimes.	Criminal Use
Michigan	H 4668	Artificial Intelligence Models	Pending	Provides for requirements and safety standards for developers of certain AI models.	Responsible Use; Judicial Use; Private Sector Use; Cybersecurity; Audit
Minnesota	H 1895	Nudification Technology	Pending - Carryover	Relates to commerce; prohibits access to nudification technology.	Criminal Use; Private Sector Use
Minnesota	H 2432	Public Safety	Enacted	"Relates to public safety; provides for public safety and corrections policy; establishes Minnesota victims of crime account; modifies certain fees; establishes monetary assessments for certain corporate and individual offender convictions; transfers financial crimes and fraud investigations to the Financial Crimes and Fraud Section in the Bureau of Criminal Apprehension. Amends definitions of ""child sexual abuse material' to include materials created by generative AI."	Criminal Use; Child Pornography
Minnesota	S 1417	Victims of Crime Account	Failed	Establishes Minnesota Victims of Crime Account; provides for law enforcement agency registration with eTrace System to provide firearm information; transfers financial crimes and fraud investigations to Financial Crimes and Fraud Section in Bureau of Criminal Apprehension; provides for crime of theft of public funds; provides for order for protection against financial exploitation of vulnerable adult; modifies statutory forms for garnishment.	Child Pornography; Criminal Use; Government Use
Minnesota	S 1577	Public Safety	Pending - Carryover	Relates to public safety; prohibits AI generated child sexual abuse material and possession, sale, creation, dissemination, and purchase of child-like sex dolls.	Child Pornography; Criminal Use
Minnesota	S 1857	Access Chatbots for Recreational Purposes	Pending - Carryover	Relates to commerce; prohibits persons from allowing minors to access chatbots for recreational purposes; provides civil penalties.	Private Sector Use; Criminal Use
Mississippi	S 2202	Images or Audio Altered or Created By Digitization	Failed	Criminalizes the unlawful dissemination or publication of an intimate or nonintimate image or audio created or altered by digitization where the image or audio is disseminated or published with intent to cause harm to the emotional, financial or physical welfare of another person and the actor knew or reasonably should have known that the person depicted did not consent to such dissemination or publication; defines terms; provides that the crimes include the use of images or audio created or altered.	Criminal Use
Mississippi	S 2437	Prohibition of Exploitation By Deepfakes Act	Failed	Enacts the Prohibition of Exploitation By Deepfakes Act; defines terms; prohibits the use of interactive computer services to knowingly publish intimate visual depictions of identifiable individuals in certain circumstances; describes certain exceptions; prohibits use of an interactive computer service to publish a morphed image of an identifiable individual in certain circumstances; provides penalties for violations of this act; stipulates that consent for the creation of an intimate visual depiction.	Criminal Use
Mississippi	S 2642	AI Use in Political Advertisements	Failed	Amends Section 23-15-897, Mississippi Code of 1972, to require qualified political advertisements that utilize AI to disclose the use of AI to the public; defines what is considered a qualified political advertisement and AI as used in this section; clarifies what information must be present in an advertisement to satisfy the disclosure requirement.	Elections; Notification; Criminal Use
Mississippi	S 2796	Ensuring Likeness Voice and Image Security Act	Failed	Enacts the Ensuring Likeness, Voice and Image Security Act of 2025; defines terms; stipulates that every individual has a property right in the use of that individual's name, photograph, voice or likeness; stipulates that property rights provided in this act are exclusive to the individual; implements commercial exploitation guidelines; creates a civil action upon violation of this act; stipulates that violation of this act is a class a misdemeanor.	Private Sector Use; Criminal Use
Missouri	H 362	Disclosure of Intimate Digital Depictions	Failed - Adjourned	Creates the offense of and civil penalties for disclosure of intimate digital depictions.	Criminal Use
Missouri	H 1462	AI Non Sentience and Responsibility Act	Failed - Adjourned	Establishes the A.I. Non-Sentience and Responsibility Act.	Criminal Use; Personhood; Private Sector Use
Missouri	S 509	AI in Elections Provisions	Failed - Adjourned	Creates new provisions relating to the use of AI in elections.	Elections; Provenance; Criminal Use
Missouri	S 604	Disclosure of an Intimate Digital Depiction	Failed - Adjourned	Creates the offense of disclosure of an intimate digital depiction.	Criminal Use
Montana	H 82	Crimes Against Children	Enacted	Creates the offense of grooming of a child for a sexual offense; revises certain crimes to include a law enforcement officer whom the offender believed to be a child; revises the offense of sexual abuse of children to include computer generated child pornography; adds the offense of grooming of a child for a sexual offense to the definition of sexual offense; provides for penalties.	Child Pornography; Criminal Use
Montana	H 513	Property Right In Use Of Names, Voices, and Likenesses	Enacted	Revises laws related to use of name, voice, and visual likeness of individuals and penalties for unauthorized use; defines digital visual depiction as realistic depiction made for commercial use of the visual likeness of an individual that is created or altered in whole or in part using digital technology in a way that the depiction is nearly indistinguishable from an actual depiction of the individual.	Criminal Use; Private Sector Use
Montana	H 514	Sexually Explicit Images	Enacted	Criminalizes use of real and digitally fabricated sexually explicit images.	Criminal Use
Montana	S 25	Use Of Deepfakes In Election Communications	Enacted	Regulates the use of deepfakes in election communications and electioneering communications; provides definitions; provides exceptions; provides for injunctive relief, actual damages, and punitive damages; provides for the filing of a complaint with the commissioner of political practices; provides penalties.	Elections; Criminal Use
Montana	S 212	Right to Compute Act	Enacted	Provides that when critical infrastructure facilities are controlled in whole or in part by a critical AI system, the deployer shall develop a risk management policy after deploying the system that is reasonable and considers guidance and standards in the latest version of the AI risk management framework from, among others, the National Institute of Standards and Technology or another nationally or internationally recognized risk management framework for AI.	Criminal Use; Oversight/Governance; Private Sector Use
Montana	S 413	Crime of Disclosing Explicit Synthetic Media	Enacted	Creates the crime of disclosing explicit synthetic media; provides definitions; requires certain entities to provide information to the Department of Justice on request; provides an immediate effective date and an applicability date.	Notification; Criminal Use; Child Pornography
Nebraska	L 172	Computer-Generated Child Pornography	Pending	Prohibits conduct involving computer-generated child pornography.	Child Pornography; Criminal Use
Nebraska	L 383	Child Sexual Abuse Material	Enacted	Provides that it shall be unlawful for a person 19 years of age or older to knowingly possess or receive any child sexual abuse material; provides that it shall be unlawful for a person under 19 years of age to knowingly and intentionally possess or receive any child sexual abuse material.	Child Pornography; Criminal Use
Nevada	A 126	Pornography Involving Minors	Failed	Revises provisions relating to pornography involving minors.	Child Pornography; Criminal Use
Nevada	A 187	Pornography	Failed	Revises provisions relating to pornography.	Child Pornography; Criminal Use
Nevada	A 271	Elections	Failed	Revises provisions relating to elections.	Elections; Criminal Use; Private Sector Use
Nevada	S 199	AI Systems	Failed	Relates to AI systems; provides for the registration and regulation of AI companies by the Bureau of Consumer Protection in the Office of the Attorney General; imposes certain requirements and restrictions upon certain persons engaged in certain activities relating to AI systems; requires the Department of Employment, Training and Rehabilitation to collect and report certain information relating to AI systems.	Private Sector Use; Oversight/Governance
Nevada	S 263	Pornography Involving Minors	Enacted	Relates to crimes; expands certain prohibitions relating to pornography involving minors; revises the penalties for certain crimes relating to pornography involving minors; provides other matters properly relating thereto; closes title an act relating to crimes; expands certain prohibitions relating to pornography involving minors; revises the penalties for certain crimes relating to pornography involving minors; provides other matters properly relating thereto.	Child Pornography; Criminal Use
New Hampshire	S 263	Responsive Generative Communication	Pending	Criminalizes and creates a private right of action for the facilitation, encouragement, offer, solicitation, or recommendation of certain acts or actions through a responsive generative communication to a child.	Private Sector Use; Private Right of Action; Criminal Use
New Jersey	A 3912	Identity Theft	Pending	Extends crime of identity theft to include fraudulent impersonation or false depiction by means of AI or deepfake technology.	Criminal Use
New Jersey	A 5164	News Media Industry AI Regulations	Pending	Regulates AI in the news media industry; establishes AI In Communications Oversight Committee.	Private Sector Use; Oversight/Governance; Criminal Use
New Jersey	A 5615	Law Enforcement Artificial Intelligence Use	Pending	Requires attorney general to study use of AI for certain law enforcement purposes and issue report.	Government Use; Studies
New Jersey	A 5616	Law Enforcement Facial Recognition Technology Use	Pending	Requires attorney general to study law enforcement use of facial recognition technology and issue report with recommendations for statewide policy.	Government Use; Studies
New Jersey	A 5848	AI Technology Related Child Endangerment	Pending	Modifies child endangerment statute to include AI technology; establishes criminal penalties.	Criminal Use
New Mexico	H 221	Voice and Visual Likeness Rights Act	Failed - Adjourned	Relates to intellectual property; enacts the voice and visual likeness rights act; provides for private enforcement; prescribes civil remedies.	Private Right of Action; Private Sector Use; Criminal Use
New Mexico	H 401	Synthetic Content Accountability Act	Failed - Adjourned	Relates to AI synthetic content accountability act.	Private Sector Use; Criminal Use; Notification; Responsible Use; Cybersecurity
New Mexico	S 85	Campaign Finance Changes	Failed - Adjourned	Relates to campaign finance changes.	Elections; Criminal Use
New York	A 235	AI System	Pending	Requires the owner, licensee or operator of a visual or audio generative AI system to take steps to prohibit its users from creating unauthorized realistic depictions of public officials.	Criminal Use; Private Sector Use
New York	A 399	Robotic Device	Pending	Prohibits the manufacture, modification, sale, transfer, equipping, use, or operation of a robotic device or an uncrewed aircraft equipped or mounted with a weapon within the state.	Criminal Use; Responsible Use; Government Use
New York	A 768	AI Consumer Protection Act	Pending	"Enacts the ""New York AI consumer protection act"", in relation to preventing the use of AI algorithms to discriminate against protected classes."	Private Sector Use; Responsible Use; Cybersecurity; Criminal Use
New York	A 1071	Reckless Promotion of Unlawful or False Material	Pending	Prohibits the knowing and reckless promotion of unlawful or false material; provides remedies for the violation of such prohibition.	Criminal Use; Private Right of Action; Private Sector Use
New York	A 1280	Unlawful Dissemination of Fabricated Images or Audio	Pending	Establishes the crime of unlawful dissemination or publication of a fabricated photographic, videographic, or audio record as a class E felony.	Criminal Use; Education Use; Private Sector Use
New York	A 1338	Artificial Intelligence	Pending	Sets rules and procedures for the admissibility of evidence created or processed by AI.	Judicial Use
New York	A 1342	Advanced AI Systems	Pending	Requires the collection of oaths of responsible use from users of certain generative or surveillance advanced AI systems by the operators of such systems, and transmission of such oaths to the attorney general.	Responsible Use; Criminal Use; Private Sector Use
New York	A 2249	Model Management Group	Enacted	Amends the Labor Law; relates to model management companies and model management groups; relates to the state Fashion Workers Act; provides that a model management company or model management group shall not engage in business in the state or enter into any arrangement with a client or model for the purpose of providing model management company or model management group services in the state unless the model management company or model management group is registered; provides for exceptions.	Private Sector Use; Criminal Use
New York	A 3125	Use of Automated Decision Tools by Landlords	Pending	Relates to the use of automated housing decision making tools to make housing decisions.	Housing; Responsible Use; Private Sector Use; Criminal Use
New York	A 3356	Advanced AI Licensing Act	Pending	"Enacts the ""advanced AI licensing act""; provides for regulation of advanced AI systems (Part A); requires registration and licensing of high-risk advanced AI systems and related provisions regarding the operation of such systems (Part B); establishes the advanced AI ethical code of conduct (Part C); prohibits the development and operation of certain AI systems (Part D)."	Private Sector Use; Responsible Use; Oversight/Governance; Criminal Use; Impact Assessment
New York	A 3914	Automated Hiring Decision Tool Regulation	Pending	Establishes criteria for the use of automated employment decision tools; provides for enforcement for violations of such criteria.	Effect on Labor/Employment; Criminal Use; Private Sector Use
New York	A 3924	Privacy Rights Involving Digitization	Pending	Relates to privacy rights involving digitization; provides that such right of privacy and action for injunction and damages shall include a portrait, picture, likeness or voice created or altered by digitization.	Private Sector Use; Criminal Use
New York	A 3969	Commission on Forensic Science	Pending	Updates the membership, powers, duties and procedures of the commission on forensic science; establishes the scientific advisory committee, the social justice, ethics, and equity assessment committee and the forensic analyst license advisory committee; makes conforming changes.	Responsible Use; Studies; Judicial Use; Government Use
New York	A 4970	School Safety Planning and Training	Pending	Relates to classroom safety mechanisms, emergency medical equipment, and evidence-based best practices for school safety planning and training.	Education Use; Government Use
New York	A 6453	AI Frontier Models	Pending	Relates to the training and use of AI frontier models; provides that, before deploying a frontier model, the large developer of such model shall, among other things, implement a written safety and security protocol, grant the Division of Homeland Security and Emergency Services or the Attorney General access t the safety and security protocol, and implement appropriate safeguards to prevent unreasonable risk of critical harm; provides for civil actions and penalties for violations.	Provenance; Criminal Use; Cybersecurity; Oversight/Governance; Responsible Use
New York	A 6491	Creation and Dissemination of Synthetic Media	Pending	Prohibits the creation and dissemination of synthetic media within a specified number of days of an election with intent to unduly influence the outcome of an election; makes such act a class E felony.	Elections; Criminal Use
New York	A 6540	Generative Artificial Intelligence Providers	Pending	Requiring synthetic content creations system providers to include provenance data on synthetic content produced or modified by a synthetic content creations system that the synthetic content creations system provider makes available.	Provenance; Criminal Use; Government Use
New York	A 6545	Liability for Damages Caused by Chatbot	Pending	Imposes liability for damages caused by a chatbot impersonating licensed professionals or giving any medical or psychological advice.	Criminal Use; Private Sector Use
New York	A 6767	Provision of an AI Companion	Pending	Prohibits the provision of an AI companion to a user unless such AI companion contains a protocol for addressing possible suicidal ideation or self-harm expressed by a user, possible physical harm to others expressed by a user, and possible financial harm to others expressed by a user; requires certain notifications to certain users regarding crisis service providers and the non-human nature of such companion models.	Private Sector Use; Notification; Criminal Use
New York	A 7172	Division of Criminal Justice Services	Pending	Requires the division of criminal justice services to formulate a protocol for the regulation of the use of AI and facial recognition technology in criminal investigations; restricts the use of AI-generated outputs in court.	Government Use; Judicial Use
New York	A 8022	Operator of a Covered Platform	Pending	Requires an operator of a covered platform with at least 1 million users to ensure that its covered platform provides a process to allow law enforcement agencies to contact such covered platform, which shall include making available a staffed hotline for the purposes of receiving and responding to questions about search warrants, acknowledging receipt of search warrants; provides status updates on warrant compliance, and which shall provide continuous availability of such process.	Private Sector Use; Criminal Use; Government Use; Judicial Use
New York	A 8546	Certification of Filings Produced Using Generative AI	Pending	Amends the Civil Practice Law & Rules Law; requires certification of filings produced using generative AI; requires the brief of an appellant to contain a disclosure of the use of generative AI in the drafting of the brief and certification that the content therein was reviewed and verified by a human.	Judicial Use
New York	A 8884	Development and Use of Artificial Intelligence Systems	Pending	Regulates the development and use of certain AI systems to prevent algorithmic discrimination; requires independent audits of high risk ai systems; provides for enforcement by the attorney general as well as a private right of action.	Audit; Private Sector Use; Responsible Use; Impact Assessment; Private Right of Action; Criminal Use
New York	S 463	Promotion of Unlawful Material	Pending	Prohibits the knowing and reckless promotion of unlawful or false material; provides remedies for the violation of such prohibition.	Criminal Use; Private Right of Action; Private Sector Use
New York	S 823	Model Management Group	Pending	Defines model management group; provides for the registration process for model management groups; provides for exemption from registration requirements for model management companies and groups.	Private Sector Use; Criminal Use
New York	S 1169	Development and Use of AI Systems	Pending	Regulates the development and use of certain AI systems to prevent algorithmic discrimination; requires independent audits of high risk ai systems; provides for enforcement by the attorney general as well as a private right of action.	Private Right of Action; Responsible Use; Audit
New York	S 1228	Advertisements	Pending	Requires advertisements to disclose the use of a synthetic performer; imposes a specified dollar civil penalty for a first violation and a specified dollar penalty for any subsequent violation.	Notification; Private Sector Use; Criminal Use
New York	S 1274	Commission on Forensic Science	Pending	Updates the membership, powers, duties and procedures of the commission on forensic science; establishes the scientific advisory committee, the social justice, ethics, and equity assessment committee and the forensic analyst license advisory committee; makes conforming changes.	Studies; Responsible Use; Judicial Use; Government Use
New York	S 1962	NY AI Consumer Protection Act	Pending	"Enacts the ""New York AI consumer protection act"", in relation to preventing the use of AI algorithms to discriminate against protected classes."	Responsible Use; Private Sector Use; Impact Assessment; Audit; Criminal Use
New York	S 2414	Political AI Disclaimer Act	Pending	"Enacts the ""Political AI Disclaimer (PAID) act""; requires political communications that use synthetic media to disclose that they were created with the assistance of AI; requires committees that use synthetic media to maintain records of such usage."	Elections; Notification; Criminal Use
New York	S 2698	Certification of Filings Produced Using Generative AI	Pending	Amends the Civil Practice Law & Rules Law; requires certification of filings produced using generative AI; requires the brief of an appellant to contain a disclosure of the use of generative AI in the drafting of the brief and certification that the content therein was reviewed and verified by a human.	Judicial Use; Notification
New York	S 3008	Transportation and Economic Development Budget	Enacted	"Enacts into law major components of legislation necessary; implements the state transportation, economic development and environmental conservation budget for the 2025-2026 state fiscal year; relates to the waterfront commission act; makes amendments; changes ""applicant"" to licensee or registrant."	Private Sector Use; Notification; Appropriations; Criminal Use
New York	S 3133	Robotic Device or Uncrewed Aircraft with a Weapon	Pending	Prohibits the manufacture, modification, sale, transfer, equipping, use, or operation of a robotic device or an uncrewed aircraft equipped or mounted with a weapon within the state.	Criminal Use; Government Use; Private Sector Use
New York	S 3202	Sexually Explicit Depictions of Children	Pending	Prohibits accessing or distributing certain sexually explicit depictions of children; prohibits consent to such depictions by anyone under eighteen years of age; makes such crimes eligible for bail; includes certain crimes as sex offenses.	Child Pornography; Criminal Use
New York	S 4394	Use of Automated Employment Decision Tools	Pending	Establishes criteria for the use of automated employment decision tools; provides for enforcement for violations of such criteria.	Effect on Labor/Employment; Impact Assessment; Criminal Use
New York	S 5668	Liability for Harmful Information from Chatbot	Pending	Imposes liability for misleading, incorrect, contradictory or harmful information to a user by a chatbot that results in financial loss or other demonstrable harm.	Private Sector Use; Criminal Use
New York	S 6278	Aggravated Harassment by Means of Digital Communication	Pending	Establishes the crime of aggravated harassment by means of electronic or digital communication; provides for a private right of action for the unlawful dissemination or publication of deep fakes, which are digitized images which are altered to incorporate a person's face or their identifiable body part onto an image and such image depicts a pornographic or lewd sex act or graphic violence.	Criminal Use; Private Right of Action
New York	S 6953	Use of AI Frontier Models	To Governor	Relates to the training and use of AI frontier models; defines terms; establishes remedies for violations.	Provenance; Private Sector Use; Criminal Use; Notification
New York	S 6954	Generative AI Providers	Pending	Requires synthetic content creations system provider to apply provenance data, either directly or through the use of third-party technology, to synthetic content produced or modified by a synthetic content creations system that the synthetic content creations system provider makes available.	Provenance; Government Use; Criminal Use; Private Sector Use
New York	S 7033	Algorithmic Pricing Discrimination Act	Pending	Enacts the preventing algorithmic pricing discrimination act; requires the disclosure of algorithmically set prices.	Notification; Responsible Use; Criminal Use
New York	S 7263	Liability for Damages Caused By a Chatbot	Pending	Imposes liability for damages caused by a chatbot impersonating certain licensed professionals.	Criminal Use; Private Sector Use; Private Right of Action; Notification
New York	S 7882	Residential Rental Dwelling Units	To Governor	Prohibits a person or entity from knowingly or with reckless disregard facilitate an agreement between or among two or more residential rental property owners or managers to not compete with respect to residential rental dwelling units, including by operating or licensing a software, data analytics service, or algorithmic device that performs a coordinating function on behalf of or between and among such residential rental property owners or managers.	Housing; Private Sector Use; Criminal Use
New York	S 7963	Political Communications	Pending	Requires certain political communications to include provenance data for all audios, images or videos used in such communications; provides for the repeal of certain provisions upon the expiration thereof.	Provenance; Elections; Criminal Use
New York	S 8217	Law Enforcement Agencies Staffed Hotline	Pending	Relates to requiring certain covered platforms to provide a process for law enforcement agencies to contact such platform and to comply with search warrants within seventy-two hours.	Private Sector Use; Government Use; Criminal Use
New York	S 8331	Artificial Intelligence Transparency for Journalism Act	Pending	Requires transparency from generative AI developers for journalism providers.	Private Sector Use; Provenance; Criminal Use
New York	S 8420	Disclosure of Use of Synthetic Performer in Ads	To Governor	Requires advertisements to disclose the use of a synthetic performer; imposes a specified amount civil penalty for a first violation and a specified amount penalty for any subsequent violation.	Notification; Private Sector Use; Criminal Use
North Carolina	H 375	Artificial Intelligence	Pending	Regulates the use of deepfakes and deceptive advertisements in elections and protect minors and the general public from misuse of AI and synthetic media.	Elections; Criminal Use; Private Sector Use
North Carolina	H 934	AI Regulatory Reform Act	Pending	Amends the criminal laws creates the offense of unlawful distribution of a deepfake; amends the civil procedure laws to grant immunity from civil liability to developers of AI products used by learned professionals.	Criminal Use; Private Sector Use
North Carolina	H 936	Robocall Solicitation Modifications	Pending	Modifies the laws governing telephone solicitations to address robocalls.	Private Sector Use; Notification; Criminal Use
North Carolina	S 624	AI Chatbots	Pending	Regulates AI chatbot licensing, safety, and privacy in the State.	Private Sector Use; Cybersecurity; Criminal Use
North Dakota	H 1320	Prohibiting Deepfake Videos and Images	Failed	Relates to prohibiting deepfake videos and images; provides a penalty.	Criminal Use
North Dakota	H 1386	Computer Generated Images	Enacted	Relates to a prohibition on possessing certain computer generated images; provides that a person is guilty of a class C felony if, knowing of its character and content, that person knowingly possesses computer-generated image, that includes sexual conduct by a minor; provides that an individual violating this section is guilty of a class B felony if the offense involved twenty or more images and the offense involved sadistic or masochistic conduct or other depictions of violence.	Criminal Use; Child Pornography
North Dakota	H 1410	Legislative Management Study	Enacted	Provides that, during the specified interim, the Legislative Management shall consider studying State laws relating to criminal conduct against children, child sexual abuse, child physical abuse, child neglect, and human trafficking of children; provides that the study must include a review of, among other things, the use of the term child sexually abusive material instead of the term sexual performance to describe child pornography or sexual conduct of a minor.	Studies; Child Pornography
North Dakota	H 1429	Harassment and Stalking with a Robot	Enacted	Relates to harassment and stalking with a robot; provides a penalty; relates to an artificial object or system that senses, processes, and acts using technology, including the associated elements, communication links, and AI.	Criminal Use
North Dakota	H 1613	Law Enforcement Use of a Drone or Robot	Enacted	Relates to law enforcement use of a robot; provides that a law enforcement agency may not authorize the use of a robot to deploy a lethal weapon, unless the weapon is controlled remotely, cannot be activated autonomously, and is used to neutralize an inanimate object at risk of exploding or causing an immediate threat to public safety or property, among other things.	Government Use
North Dakota	S 2186	Removal or Withholding of a Child	Enacted	Relates to interference with court-ordered parenting time; creates a child custody review task force; provides for a legislative management report; provides a penalty.	Judicial Use; Studies
Ohio	H 362	Regulate Fraudulent Synthetic Media	Pending	Regulates the dissemination of deceptive and fraudulent synthetic media for the purpose of influencing the results of an election.	Elections; Notification; Criminal Use; Private Right of Action
Oklahoma	H 1364	Crimes and Punishments	Enacted	Relates to crimes and punishments; relates to the Oklahoma Law on Obscenity and Child Sexual Abuse Material; defines terms; makes certain acts unlawful.	Criminal Use; Child Pornography
Oklahoma	H 1537	Amusements and Sports	Pending - Carryover	Relates to amusements and sports; enacts the Supporting Affordability and Fairness with Every Bet Act of 2025 or the safe Bet Act; defines terms; provides prohibition on sports wagering; provides exceptions; authorizes Attorney General to bring civil action; provides that trial shall be by a jury; provides for civil penalties; provides for jurisdiction; directs state to submit application; provides information application shall include.	Private Sector Use
Oklahoma	H 2016	Evidence	Pending - Carryover	Relates to evidence; relates to testimony by experts; provides for AI expert testimony; relates to hearsay; provides for attacking and supporting creditability of AI expert testimony; provides an effective date.	Judicial Use
Oklahoma	H 2216	Securities	Pending - Carryover	Relates to securities; creates the Oklahoma Ensuring Likeness, Voice, and Image Security Act of 2025; relates to property rights; provides for civil action; provides effective date.	Criminal Use; Private Sector Use
Oklahoma	S 611	State Government	Pending - Carryover	Relates to state government; creates the Citizen's Bill of Rights; provides short title; defines terms; restricts certain entities from taking certain actions relating to currency; guarantees certain rights for the use of gold and silver; restricts certain entities from taking certain actions relating to digital identification; prohibits certain entities from implementing a social credit score; prohibits certain entities from taking certain actions relating to medical procedures.	Government Use; Private Sector Use; Effect on Labor/Employment; Judicial Use; Oversight/Governance
Oklahoma	S 885	Social Media Platforms	Pending - Carryover	Relates to social media platforms; defines terms; creates the Safe Screens for Kids Act; provides short title; prohibits use of a social media platform by a minor without certain consent; requires certain age verification methods; requires certain access; prohibits certain restriction; prohibits certain data collection; provides certain exception; prohibits certain advertisement; prohibits use of certain technology for certain purpose; prohibits certain feature.	Oversight/Governance; Private Sector Use; Criminal Use
Oklahoma	S 894	Artificial Intelligence	Pending - Carryover	Relates to AI; defines terms; prohibits distribution of certain media within certain time period; requires certain disclosures; establishes requirements for certain disclosures; authorizes action for certain relief or award of damages; authorizes award for certain costs and fees; establishes certain civil penalties; provides exceptions to applicability of provisions; provides for codification; provides an effective date.	Elections; Notification; Criminal Use
Oregon	H 2230	Crime of Unlawful Creation	Failed	Creates the crime of unlawful creation, possession, distribution or purchase of an explicit digital forgery in the first degree.	Criminal Use
Oregon	H 2330	Law Enforcement Interdiction Task Force	Failed	Establishes the Task Force on Law Enforcement Interdiction Against Financial Scams on the Elderly.	Studies; Judicial Use
Oregon	S 414	Crime of Unlawful Dissemination of an Intimate Image	Failed	Modifies the crime of unlawful dissemination of an intimate image to include the disclosure of a computer-generated explicit likeness.	Criminal Use; Private Sector Use
Oregon	S 626	Crimes of Encouraging Child Sexual Abuse	Failed	Expands the crimes of encouraging child sexual abuse in the first degree, second degree and third degree to include visual depictions of child abuse that are computer-generated.	Child Pornography; Criminal Use
Pennsylvania	H 95	Unfair Trade Practices and Consumer Protection	Pending	Amends the act known as the Unfair Trade Practices and Consumer Protection Law; provides for definitions.	Criminal Use; Notification
Pennsylvania	H 317	Artificial Intelligence	Pending	Amends Title 18 Crimes and Offenses of the Pennsylvania Consolidated Statutes, in computer offenses; provides for AI; imposes a penalty.	Notification; Criminal Use
Pennsylvania	H 431	Artificially Generated Impersonations	Pending	Amends Title 18 Crimes and Offenses of the Pennsylvania Consolidated Statutes, in forgery and fraudulent practices; provides for the offense of unauthorized dissemination of artificially generated impersonation of individual.	Criminal Use; Private Sector Use
Pennsylvania	H 518	Unfair Trade Practices	Pending	Amends the act known as the Unfair Trade Practices and Consumer Protection Law; provides for definitions and for unlawful acts or practices and exclusions.	Criminal Use; Private Sector Use
Pennsylvania	H 811	Fraudulent Misrepresentation of Candidates	Pending	Provides for civil liability for fraudulent misrepresentation of candidates; imposes penalties; provides that a covered person shall be liable for the fraudulent misrepresentation of a candidate if, within a specified number of days before an election, the covered person knowingly and intentionally disseminates or causes to be disseminated a campaign advertisement that contains a deepfake; requires disclosures to carry embedded tamper evident digital content provenance for the deepfake content.	Elections; Criminal Use
Pennsylvania	H 1167	Solar Radiation Modification	Pending	Prohibits solar radiation modification or sunlight reflection methods, cloud seeding and polluting atmospheric interventions within this Commonwealth; imposes duties on the state Police and sheriffs; imposes penalties.	Criminal Use; Government Use; Private Sector Use
Pennsylvania	H 1533		Pending	Amends Title 18 Crimes and Offenses of the State Consolidated Statutes, in culpability; provides for liability for deployment of AI system.	Private Sector Use; Criminal Use
Pennsylvania	S 508	Clear Air	Pending	Prohibits solar radiation modification or sunlight reflection methods, cloud seeding and polluting atmospheric interventions within this Commonwealth; imposes duties on the State Police and sheriffs; imposes penalties.	Criminal Use; Government Use; Private Sector Use
Pennsylvania	S 806		Pending	Amends the act known as the Unfair Trade Practices and Consumer Protection Law; provides for definitions.	Notification; Criminal Use
Rhode Island	H 5217	Clean Air Preservation Act	Pending	Establishes the State Clean Air Preservation Act that establishes a regulatory process to prohibit polluting atmospheric experimentation such as solar radiation modification, sunlight reflection methods, solar radiation management, geoengineering, weather modification, cloud seeding, or other atmospheric interventions involving the release of pollutants including Perfluoroalkyl and Polyfluoroalkyl Substances, known also as forever chemicals, within the State.	Government Use; Criminal Use; Private Sector Use
Rhode Island	H 5224	Courts and Civil Procedure on Causes of Action	Pending	Provides a civil cause of action for individuals injured by AI.	Criminal Use; Private Right of Action
Rhode Island	S 358	Cause of Action for Injuries by AI	Pending	Provides a civil cause of action for individuals injured by AI.	Criminal Use; Private Sector Use; Private Right of Action
Rhode Island	S 627	Regulatory Provisions on AI Act	Pending	Establishes regulations to ensure the ethical development, integration, and deployment of high-risk AI systems, particularly those influencing consequential decisions in areas like employment, education, lending, housing, healthcare, and legal services. Requires developers, integrators, and deployers to use reasonable care to prevent algorithmic discrimination, implement risk management policies, conduct regular impact assessments, and provide transparency.	Responsible Use; Private Sector Use; Impact Assessment; Notification
South Carolina	H 3049		Pending - Carryover	Enacts the uniform civil remedies for unauthorized disclosure of intimate images act; defines necessary terms; creates a civil action for an individual who suffers harm from a person's intentional or threatened disclosure of private, intimate images without consent, and provide exceptions to liability.	Criminal Use
South Carolina	H 3058	Offense of Intentionally Disseminating Intimate Images	Enacted	Defines necessary terms for the offense of unauthorized disclosure of intimate images; creates the offense of unauthorized disclosure of intimate images; provides graduated penalties; provides an exception for law enforcement under certain circumstances.	Criminal Use
South Carolina	H 3404	Property Right in Use of Individuals Name	Pending - Carryover	Provides that every individual has a property right in the use of that individual's name, photograph, voice, or likeness in any medium in any manner and provides penalties.	Criminal Use; Private Sector Use
South Carolina	S 72	Distribution of Intimate Images	Pending - Carryover	Provides definitions relates to the distribution of intimate images; makes it unlawful for a person to intentionally disseminate an intimate image or a digitally forged intimate image of another person without effective consent of the depicted person; provides a penalty for the unlawful dissemination of intimate images.	Criminal Use
South Dakota	S 164	Deepfake to Influence an Election	Enacted	Prohibits the use of a deepfake to influence an election and provides a penalty therefor; provides that no person, with the intent to injure a candidate, may disseminate a deepfake or enter into a contract or other agreement to disseminate a deepfake, within a specified number of days of an election, if the person knows or reasonably should know the item being disseminated is a deepfake and does not include with the deepfake the specified disclosure; provides that a violation is a Class 1 misdemeanor.	Elections; Notification; Criminal Use
Tennessee	H 433	Criminal Offenses	Pending - Carryover	Expands the offense of unlawful exposure to include the distribution, with the intent to cause emotional distress, of an image of the intimate parts of another identifiable person or an image of an identifiable person engaged in sexually explicit conduct and the image was created or modified by means of a computer software program, AI application, or other digital editing tools.	Criminal Use
Tennessee	H 1246	Consumer Protection	Pending - Carryover	Requires the office of the attorney general and reporter to submit to the chair of the house committee having jurisdiction over consumer protection and the chair of the commerce and labor committee of the senate a report on the number of investigations into violations of the Tennessee Consumer Protection Act of 1977 in which AI was used to effectuate an unfair or deceptive act or practice affecting the conduct of any trade or commerce between the specified date.	Criminal Use; Studies
Tennessee	H 1299	Criminal Offenses	Pending - Carryover	Creates a civil and criminal action for individuals who are the subject of an intimate digital depiction that is disclosed without the individual's consent under certain circumstances.	Criminal Use; Notification
Tennessee	S 404	Criminal Offenses	Pending - Carryover	Provides that a person commits unlawful exposure who distributes an image of the intimate part or parts of another identifiable person or an image of an identifiable person engaged in sexually explicit conduct if the image was photographed or recorded under circumstances where the parties agreed or understood that the image would remain private or the image of an identifiable person was created or modified by means of a software program, AI application, or other digital editing tools.	Criminal Use
Tennessee	S 1346	Criminal Offenses	Enacted	Creates a civil and criminal action for individuals who are the subject of an intimate digital depiction that is disclosed without the individual's consent under certain circumstances.	Criminal Use; Child Pornography
Tennessee	S 1363	Consumer Protection	Pending - Carryover	Requires the office of the attorney general and reporter; submits to the Chair of the House Committee having jurisdiction over consumer protection and the Chair of the Commerce and Labor Committee of the senate a report on the number of investigations into violations of the State Consumer Protection Act of 1977 in which AI was used to effectuate an unfair or deceptive act or practice affecting the conduct of any trade or commerce between the specified date, and a specified date.	Oversight/Governance; Criminal Use
Texas	H 235	Disclosure or Promotion of Intimate Visual Material	Failed - Adjourned	Relates to civil and criminal liability for the unlawful disclosure or promotion of intimate visual material.	Criminal Use
Texas	H 366	Required Disclosures on Certain Political Advertising	Failed - Adjourned	Relates to required disclosures on certain political advertising that contains altered media; creates a criminal offense.	Notification; Elections
Texas	H 418	Prosecution and Punishment of Certain Criminal Offenses	Failed - Adjourned	Relates to prosecution and punishment of certain criminal offenses prohibiting sexually explicit visual material involving children or other persons; increases a criminal penalty.	Child Pornography
Texas	H 449		Vetoed	Relates to the unlawful production or distribution of sexually explicit images using deep fake technology.	Criminal Use
Texas	H 556	Artificially Generated Media	Failed - Adjourned	Relates to a criminal offense for the creation or distribution of certain artificially generated media with the intent to influence the outcome of an election.	Elections; Criminal Use
Texas	H 581	Create of Artificial Sexual Material Harmful to Minors	Enacted	Relates to the creation of artificial sexual material harmful to minors.	Child Pornography; Criminal Use
Texas	H 615	Distribution of Intimate Images Policies and Procedures	Failed - Adjourned	Relates to policies and procedures regarding a public school student who knowingly produced or distributed certain intimate videos or images depicting another student.	Criminal Use
Texas	H 1121	Civil and Criminal Liability	Failed - Adjourned	Relates to civil and criminal liability for the unlawful disclosure or promotion of intimate visual material.	Criminal Use
Texas	H 1709	Regulation on the Use of AI	Failed - Adjourned	Relates to the regulation and reporting on the use of AI systems by certain business entities and state agencies; provides civil penalties.	Private Sector Use; Education/Training; Government Use; Oversight/Governance; Health Use; Responsible Use; Criminal Use
Texas	H 1717	Prohibiting Sexually Explicit Visual Material	Failed - Adjourned	Relates to prosecution of certain criminal offense prohibiting sexually explicit visual material involving children.	Criminal Use; Child Pornography
Texas	H 2831	Collection of Reproductive Health Information	Failed - Adjourned	Relates to the collection of reproductive health information; imposes a civil penalty.	Health Use; Criminal Use; Government Use; Private Sector Use
Texas	H 3694	Distribution of Certain Sexually Explicit Media	Failed - Adjourned	Relates to the unlawful production or distribution of certain sexually explicit media and to the removal of certain intimate visual depictions published on online platforms without the consent of the person depicted; increases criminal penalties.	Criminal Use; Child Pornography
Texas	H 3950	Digital Replication Rights	Failed - Adjourned	Relates to digital replication rights in the voice and visual likeness of individuals; provides private causes of action; authorizes a fee.	Criminal Use; Notification
Texas	H 4911	Prosecution and Punishment of Criminal Offenses	Failed - Adjourned	Relates to prosecution and punishment of certain criminal offenses prohibiting sexually explicit visual material involving depictions of children, computer-generated children, or other persons; creates criminal offenses; increases criminal penalties.	Child Pornography; Criminal Use
Texas	H 5517	Sexually Explicit Artificially Generated Images	Failed - Adjourned	Relates to sexually explicit artificially generated images and videos.	Private Sector Use; Criminal Use
Texas	S 20	Obscene Visual Material Appearing to Depict a Child	Enacted	Relates to the creation of the criminal offense of possession, promotion, or production of certain obscene visual material appearing to depict a child.	Child Pornography; Criminal Use
Texas	S 228	Political Advertising Manipulated by Generative AI	Failed - Adjourned	Relates to prohibiting the use of certain political advertising manipulated by generative AI technology; creates a criminal offense.	Elections; Criminal Use
Texas	S 441	Artificial Intimate Visual Material	Enacted	Relates to criminal and civil liability related to sexually explicit media and artificial intimate visual material; creates a criminal offense; increases a criminal penalty.	Criminal Use; Notification
Texas	S 442	Unlawful Production of Sexually Explicit Media	Failed - Adjourned	Relates to the prosecution and punishment of the offense of unlawful production or distribution of certain sexually explicit media; increases a criminal penalty.	Criminal Use
Texas	S 668	AI Disclosure	Failed - Adjourned	Relates to the disclosure of information with regard to AI.	Criminal Use; Notification
Texas	S 747	Public School Policies and Programs	Failed - Adjourned	Relates to public school policies and programs regarding the production or distribution of certain intimate visual material by public school students.	Education Use; Criminal Use
Texas	S 1621	Prosecution and Punishment of Crimes Against Children	Enacted	Relates to prosecution and punishment of certain criminal offenses prohibiting sexually explicit visual material involving depictions of children, computer-generated children, or other persons; creates criminal offenses; increases criminal penalties.	Child Pornography; Criminal Use
Texas	S 1960		Failed - Adjourned	Relates to digital replication rights in the voice and visual likeness of individuals; provides private causes of action; authorizes a fee.	Criminal Use; Private Sector Use
Texas	S 2373	Financial Exploitation or Abuse of Persons	Enacted	Relates to the financial exploitation or abuse of persons using artificially generated media or phishing communication; provides a civil penalty; creates a criminal offense.	Private Sector Use; Criminal Use
Texas	S 2795	Regulation of Digital Reporting By the Judicial Branch	Failed - Adjourned	Relates to the regulation of digital reporting by the Judicial Branch Certification Commission.	Judicial Use
Utah	H 163	Adult Probation and Parole Amendments	Enacted	Amends provisions related to the Division of Adult Probation and Parole within the Department of Corrections; establishes the Division of Adult Probation and Parole; amends provisions regarding the responsibility of the Department of Corrections to supervise individuals on probation or parole.	Judicial Use
Utah	H 468	Automatic License Plate Reader Amendments	Failed	Modifies and establishes requirements for the use of automatic license plate reader systems; defines terms; provides for authorized uses for automatic license plate reader systems by law enforcement agencies; and other governmental entities; establishes reporting requirements regarding the use of automatic license plate reader systems for law enforcement agencies and other governmental entities.	Government Use
Utah	S 180	Law Enforcement Usage of AI	Enacted	Requires a law enforcement agency to have a policy concerning the agency’s use of generative AI; requires a police report or other law enforcement record to include a disclaimer if the report or record was created wholly or partially by using generative AI; requires the author of a police report or law enforcement record that was created wholly or partially by using generative AI to certify that the author has read and reviewed the report or record for accuracy.	Government Use
Utah	SJR 14	Landlords Antitrust Lawsuit	Failed	Calls on the state Attorney General to join the antitrust lawsuit against RealPage and landlords engaged in alleged price fixing actions.	Housing; Private Sector Use
Vermont	H 217	Prohibiting Geoengineering	Pending - Carryover	Relates to prohibiting geoengineering.	Government Use; Private Sector Use; Criminal Use
Virginia	H 249	Department of Criminal Justice Services	Failed	Relates to Department of Criminal Justice Services; relates to law-enforcement agencies; relates to use of generative AI and machine learning systems; provides that the Department of Criminal Justice Services shall have the power and duty to establish a comprehensive framework for the use of generative AI (AI) and machine learning systems, both defined in the bill, by law-enforcement agencies, which shall include developing policies and procedures.	Government Use; Education/Training
Virginia	H 747	AI Developer Act	Failed	Relates to AI Developer Act established; relates to civil penalty; creates operating standards for developers and deployers, as those terms are defined in the bill, relating to AI, including avoiding certain risks, protecting against discrimination, providing disclosures, and conducting impact assessments and provides that the Office of the Attorney General shall enforce the provisions of the bill.	Private Sector Use; Impact Assessment ; Responsible Use; Health Use
Virginia	H 1525	AI-Generated Image	Failed	Relates to unauthorized creation of image of another; relates to AI-generated image; relates to penalties; creates a Class 1 misdemeanor for any person who knowingly and intentionally creates any videographic or still image using AI of any nonconsenting person if that person is totally nude, performing sexual acts, clad in undergarments, or in a state of undress so as to expose the genitals, pubic area, buttocks, or female breast and such.	Criminal Use
Virginia	H 1642	Criminal Justice Risk Assessments	Enacted	Relates to criminal justice risk assessments; relates to human oversight; requires that the recommendations or predictions provided by any AI-based tool, defined in the bill, utilized for criminal justice purposes, including recommendations or predictions related to pretrial release, sentencing, probation, or parole, shall be reviewed and approved by a qualified human decision maker prior to using any such recommendations or predictions in making or informing a final decision.	Government Use; Judicial Use
Virginia	H 2288	Unlawful Dissemination of Intimate Images of Another	Failed - Adjourned	Relates to unlawful dissemination of intimate images of another; relates to penalties; creates a tiered system of penalties for the unlawful dissemination of intimate images of another person, an offense formerly known as the unlawful dissemination or sale of videographic or still images of another person.	Criminal Use
Virginia	H 2433	Law Enforcement Agencies	Failed	Relates to law-enforcement agencies; relates to use of certain technologies and interrogation practices; relates to forensic laboratory accreditation; directs the Department of Criminal Justice Services to establish a comprehensive framework for the use of generative AI (AI), machine learning systems, audiovisual surveillance technologies, and custodial and noncustodial interrogations of adults and juveniles by law-enforcement agencies.	Government Use; Judicial Use
Virginia	H 2654	Unlawful Dissemination of Intimate Images	Failed - Adjourned	Relates to unlawful dissemination of intimate images of another; relates to penalties.	Criminal Use
Virginia	H 2692	Custodial Interrogations	To Governor	Relates to custodial interrogations; relates to false statements to a child prohibited; relates to inauthentic replica documents; prohibits law-enforcement officers from intentionally making false statements or materially misrepresenting any fact, including by use of inauthentic replica documents, prior to or during a custodial interrogation of a child to secure the cooperation, confession, or conviction of such child; defines inauthentic replica documents as any documents, including computer.	Government Use; Judicial Use
Washington	S 5094	Sexually Explicit Depictions of Minors	Pending - Carryover	Concerns sexually explicit depictions of minors.	Child Pornography; Criminal Use
Washington	S 5105	Offenses Involving Fabricated Depictions of Minors	Pending - Carryover	Relates to sexually explicit depictions of minors; provides that a person is guilty of sexual exploitation of a minor if the person, among other things, knowingly causes a minor to be photographed or part of a live performance which depicts the minor engaged in sexually explicit conduct where the minor is unconscious or unaware of the photograph or recording; provides that sexual exploitation of a minor is a class B felony.	Child Pornography; Criminal Use
Washington	SR 8651	Science Scientific Research	Adopted	Supports science, scientific research, and evidence-based decision making.	Education Use; Education/Training; Effect on Labor/Employment
West Virginia	HCR 99	Preventing Financial Fraud and Scams	Failed - Adjourned	Relates to the Resolution to study policies aimed at preventing financial fraud and scams.	Criminal Use; Studies
West Virginia	S 198	Crimes Against Chastity, Morality and Decency	Enacted	Creates definitions relating to intimate images; clarifies the offense of nonconsensual disclosure of intimate images includes certain fabricated intimate images; creates criminal offenses for nonconsensual disclosure of fabricated intimate images; clarifies the definitions relating to filming sexually explicit conduct of minors; creates definitions relating to filming sexually explicit conduct of minors; creates definitions relating to computer-generated child pornography.	Child Pornography; Criminal Use
West Virginia	S 688	4th Amendment Restoration Act	Failed - Adjourned	The purpose of this bill is to require law enforcement officers and political subdivision officials from irresponsibly utilizing certain surveillance technologies and AI facial recognition technologies, setting forth legislative findings, providing definitions, establishing parameters for the responsible and constitutional use of these technologies.	Government Use; Responsible Use
West Virginia	S 699	Environment and Humans from Geo Engineering Experiments	Failed - Adjourned	Protects environment and humans from geo engineering experiments.	Criminal Use; Private Sector Use; Government Use
Wisconsin	A 292		Pending	Concerns the use of AI or other machine assisted translation in court proceedings and of telephone or live audiovisual interpretation in criminal trials.	Judicial Use; Private Sector Use
Wisconsin	S 295	Use of Artificial Intelligence in Court Proceedings	Pending	Concerns the use of AI or other machine assisted translation in court proceedings and of telephone or live audiovisual interpretation in criminal trials.	Judicial Use
Wyoming	D 149	Misleading Synthetic Media	Failed - Adjourned	Relates to consumer protection; prohibits the dissemination of synthetic media as specified; provides definitions; provides remedies; provides penalties; provides for an effective date.	Notification; Criminal Use
